,Aaj Jaane Ki Zidd Na Karo Bhopal Express 320 Kbps,Chandi Jaisa Rang Hai (PenduJatt.Com.Se),Chithi Na Koi Sandesh Male Dushman 320 Kbps,Chupke Chupke Raat Din Nikaah 320 Kbps,Tum Itna Jo Muskura Rahe Ho (PenduJatt.Com.Se),Tum Ko Dekha To Yeh Khayal Aaya Saath Saath 320 Kbps
Aaj Jaane Ki Zidd Na Karo Bhopal Express 320 Kbps,0.0,28.25111417180915,2.2525053692011654,6.368142035416058,17.60733122794476,1.4878781402745884
Chandi Jaisa Rang Hai (PenduJatt.Com.Se),28.25111417180915,0.0,26.529316748538513,29.309522412575554,17.552184642647955,28.12757364725389
Chithi Na Koi Sandesh Male Dushman 320 Kbps,2.2525053692011654,26.529316748538513,0.0,6.64336503195041,16.526911100187405,1.8985935719304736
Chupke Chupke Raat Din Nikaah 320 Kbps,6.368142035416058,29.309522412575554,6.64336503195041,0.0,15.015957797291023,6.697324361191235
Tum Itna Jo Muskura Rahe Ho (PenduJatt.Com.Se),17.60733122794476,17.552184642647955,16.526911100187405,15.015957797291023,0.0,17.503775766000093
Tum Ko Dekha To Yeh Khayal Aaya Saath Saath 320 Kbps,1.4878781402745884,28.12757364725389,1.8985935719304736,6.697324361191235,17.503775766000093,0.0
